"section__heading","list-item href","mat-mdc-card-subtitle","list-card__title","list-card__image src","list-item href 2","mat-mdc-card-subtitle 2","list-card__title 2","list-card__image src 2","list-item href 3","mat-mdc-card-subtitle 3","list-card__title 3","list-card__image src 3","list-item href 4","mat-mdc-card-subtitle 4","list-card__title 4","list-card__image src 4","list-item href 5","mat-mdc-card-subtitle 5","list-card__title 5","list-card__image src 5","list-item href 6","mat-mdc-card-subtitle 6","list-card__title 6","list-card__image src 6","list-item href 7","mat-mdc-card-subtitle 7","list-card__title 7","list-card__image src 7","list-item href 8","mat-mdc-card-subtitle 8","list-card__title 8","list-card__image src 8","list-item href 9","mat-mdc-card-subtitle 9","list-card__title 9","list-card__image src 9","list-item href 10","mat-mdc-card-subtitle 10","list-card__title 10","list-card__image src 10","list-item href 11","mat-mdc-card-subtitle 11","list-card__title 11","list-card__image src 11","list-item href 12","mat-mdc-card-subtitle 12","list-card__title 12","list-card__image src 12","list-item href 13","list-card__title 13","list-card__image src 13","list-item href 14","mat-mdc-card-subtitle 14","list-card__title 14","list-card__image src 14","list-card__level","mat-icon 2","list-card__level 2","list-card__level 3","mat-icon 4","list-card__level 4","mat-icon 5","list-card__level 5","list-card__level 6","list-card__level 7","list-card__level 8","mat-icon 9","list-card__level 9","mat-icon 10","list-card__level 10","list-card__level 11","mdc-label","ist-item href 15","mat-mdc-card-subtitle 15","list-card__title 15","list-card__image src 15","list-item href 16","list-card__title 16","list-card__image src 16","list-item href 17","list-card__title 17","list-card__image src 17","list-item href 18","list-card__title 18","list-card__image src 18","list-item href 19","list-card__title 19","list-card__image src 19"
"Chosen fish","https://fp-collective.com/fish/common-bleak","common","Common Bleak","https://api.fp-collective.com/wp-content/uploads/2020/09/Common_Bleak.png","https://fp-collective.com/fish/common-carp","young","Common Carp","https://api.fp-collective.com/wp-content/uploads/2020/09/Common_Carp.png","https://fp-collective.com/fish/common-roach","common, trophy","Common Roach","https://api.fp-collective.com/wp-content/uploads/2020/09/Common_Roach.png","https://fp-collective.com/fish/common-rudd","common, trophy","Common Rudd","https://api.fp-collective.com/wp-content/uploads/2020/09/Common_Rudd.png","https://fp-collective.com/fish/european-perch","common, trophy","European Perch","https://api.fp-collective.com/wp-content/uploads/2020/09/European_Perch.png","https://fp-collective.com/fish/european-weatherfish","common, trophy, unique","European Weatherfish","https://api.fp-collective.com/wp-content/uploads/2024/12/european-weatherfish.png","https://fp-collective.com/fish/gudgeon","common","Gudgeon","https://api.fp-collective.com/wp-content/uploads/2020/09/Gudgeon.png","https://fp-collective.com/fish/ide","common","Ide","https://api.fp-collective.com/wp-content/uploads/2020/09/Ide.png","https://fp-collective.com/fish/mirror-carp","young","Mirror Carp","https://api.fp-collective.com/wp-content/uploads/2020/09/Mirror_Carp.png","https://fp-collective.com/fish/northern-pike","young, common","Northern Pike","https://api.fp-collective.com/wp-content/uploads/2020/09/Northern_Pike.png","https://fp-collective.com/fish/prussian-carp","common, trophy, unique","Prussian Carp","https://api.fp-collective.com/wp-content/uploads/2020/09/Prussian_Carp.png","https://fp-collective.com/fish/round-goby","common","Round Goby","https://api.fp-collective.com/wp-content/uploads/2020/09/Round_Goby.png","https://fp-collective.com/fish/silver-bream","Silver Bream","https://api.fp-collective.com/wp-content/uploads/2020/09/Silver_Bream.png","https://fp-collective.com/fish/tench","common, trophy","Tench","https://api.fp-collective.com/wp-content/uploads/2020/09/Tench.png","","","","","","","","","","","","","","","","","","","","","","","","","","","","","","","","",""
"Most used baits","https://fp-collective.com/bait/red-worms","reported 56 catches","Red Worms","https://api.fp-collective.com/wp-content/uploads/2020/09/Red_Worms.png","https://fp-collective.com/bait/maggots","reported 14 catches","Maggots","https://api.fp-collective.com/wp-content/uploads/2020/09/Maggots.png","https://fp-collective.com/bait/dough-balls","reported 10 catches","Dough balls","https://api.fp-collective.com/wp-content/uploads/2020/09/Dough_Balls.png","https://fp-collective.com/bait/bloodworms","reported 10 catches","Bloodworms","https://api.fp-collective.com/wp-content/uploads/2020/09/Bloodworms.png","https://fp-collective.com/bait/grasshoppers","reported 7 catches","Grasshoppers","https://api.fp-collective.com/wp-content/uploads/2020/09/Grasshoppers.png","https://fp-collective.com/bait/pearl-barley","reported 5 catches","Pearl Barley","https://api.fp-collective.com/wp-content/uploads/2020/09/Pearl_Barley.png","https://fp-collective.com/bait/small-minnows","reported 2 catches","Small Minnows","https://api.fp-collective.com/wp-content/uploads/2020/09/Small_Minnows.png","https://fp-collective.com/bait/flies","reported 2 catches","Flies","https://api.fp-collective.com/wp-content/uploads/2020/09/Flies.png","https://fp-collective.com/bait/crickets","reported 2 catches","Crickets","https://api.fp-collective.com/wp-content/uploads/2020/09/Crickets.png","https://fp-collective.com/bait/semolina-balls","reported 2 catches","Semolina Balls","https://api.fp-collective.com/wp-content/uploads/2020/09/Semolina_Balls.png","https://fp-collective.com/bait/centipedes","reported 2 catches","Centipedes","https://api.fp-collective.com/wp-content/uploads/2020/09/Centipedes.png","","","","","","","","","","","","1","star_border","10","5","star_border","12","star_border","4","3","7","8","star_border","9","star_border","11","46","Hide unavailable items","","","","","","","","","","","","","","","",""
"Most used boilies and pellets","","","","","","","","","","","","","","","","","","","","","","","","","","","","","","","","","","","","","","","","","","","","","","","","","","","","","","","","","","","","","","","","","","","","","","","","Hide unavailable items","","","","","","","","","","","","","","","",""
"Most used lure types","https://fp-collective.com/lure-type/casting-spoons","reported 5 catches","Casting Spoons","https://api.fp-collective.com/wp-content/uploads/2019/02/casting-spoon-red-white.png","https://fp-collective.com/lure-type/nano-spoons","reported 4 catches","Nano Spoons","https://api.fp-collective.com/wp-content/uploads/2019/02/nano-spoon-green-black.png","https://fp-collective.com/lure-type/nano-spinners","reported 3 catches","Nano Spinners","https://api.fp-collective.com/wp-content/uploads/2019/02/nano-spinner-gold-and-black-trout.png","https://fp-collective.com/lure-type/medium-spoons","reported 2 catches","Medium Spoons","https://api.fp-collective.com/wp-content/uploads/2019/02/medium-spoon-lemon-tiger.png","https://fp-collective.com/lure-type/shads","reported 2 catches","Shads","https://api.fp-collective.com/wp-content/uploads/2021/03/shad-grass-green.png","","","","","","","","","","","","","","","","","","","","","","","","","","","","","","","","","","","","","","","","","","","","","","","","","","","","","","","","","","","","","","","","","","","",""
"Most used lures","https://fp-collective.com/lure/barbless-nano-spoon-2-g-2-3","reported 4 catches","Barbless Nano Spoon 2 g, #2","https://api.fp-collective.com/wp-content/uploads/2019/02/nano-spoon-silver-green-perch.png","https://fp-collective.com/lure/casting-spoon-9-g-1-3","reported 3 catches","Casting Spoon 9 g, #1","https://api.fp-collective.com/wp-content/uploads/2024/03/red-silver-casting-spoon.png","https://fp-collective.com/lure/casting-spoon-9-g-1-2","reported 2 catches","Casting Spoon 9 g, #1","https://api.fp-collective.com/wp-content/uploads/2019/02/casting-spoon-gold.png","https://fp-collective.com/lure/medium-spoon-7-g-1-0","reported 2 catches","Medium Spoon 7 g, #1/0","https://api.fp-collective.com/wp-content/uploads/2019/02/medium-spoon-gold.png","https://fp-collective.com/lure/nano-spinner-6-g-1-0","reported 2 catches","Nano Spinner 6 g, #1/0","https://api.fp-collective.com/wp-content/uploads/2019/02/nano-spinner-gold-and-black-trout.png","https://fp-collective.com/lure/slop-spoon-9-g-1-2","reported 1 catches","Slop Spoon 9 g, #1","https://api.fp-collective.com/wp-content/uploads/2019/02/slop-spoon-silver.png","https://fp-collective.com/lure/nano-spinner-4-g-1","reported 1 catches","Nano Spinner 4 g, #1","https://api.fp-collective.com/wp-content/uploads/2019/02/nano-spinner-gold-and-black-trout.png","https://fp-collective.com/lure/shad-5-cm","reported 1 catches","Shad 5 cm","https://api.fp-collective.com/wp-content/uploads/2021/03/shad-white.png","https://fp-collective.com/lure/shad-5-cm-2","reported 1 catches","Shad 5 cm","https://api.fp-collective.com/wp-content/uploads/2021/03/shad-yellow.png","","","","","","","","","","","","","","","","","","","","10","star_border","4","14","star_border","15","star_border","5","9","5","5","star_border","","","","","Hide unavailable items","","","","","","","","","","","","","","","",""
"Most used hooks","https://fp-collective.com/hook/hook-6","reported 42 catches","Hook #6","https://api.fp-collective.com/wp-content/uploads/2019/02/hook-6.png","https://fp-collective.com/hook/hook-8","reported 41 catches","Hook #8","https://api.fp-collective.com/wp-content/uploads/2019/02/hook-8.png","https://fp-collective.com/hook/hook-4","reported 15 catches","Hook #4","https://api.fp-collective.com/wp-content/uploads/2019/02/hook-4.png","https://fp-collective.com/hook/hook-1","reported 9 catches","Hook #1","https://api.fp-collective.com/wp-content/uploads/2019/02/hook-1.png","https://fp-collective.com/hook/hook-10","reported 6 catches","Hook #10","https://api.fp-collective.com/wp-content/uploads/2019/02/hook-10.png","https://fp-collective.com/hook/hook-2-0","reported 2 catches","Hook #2/0","https://api.fp-collective.com/wp-content/uploads/2019/02/hook-2-0.png","https://fp-collective.com/hook/hook-12","reported 2 catches","Hook #12","https://api.fp-collective.com/wp-content/uploads/2019/02/hook-12.png","","","","","","","","","","","","","","","","","","","","","","","","","","","","2","star_border","1","3","star_border","4","star_border","1","10","12","","","","","","","Hide unavailable items","","","","","","","","","","","","","","","",""
"Baits","https://fp-collective.com/bait/bloodworms","targets 10 species","Bloodworms","https://api.fp-collective.com/wp-content/uploads/2020/09/Bloodworms.png","https://fp-collective.com/bait/semolina-balls","targets 7 species","Semolina Balls","https://api.fp-collective.com/wp-content/uploads/2020/09/Semolina_Balls.png","https://fp-collective.com/bait/red-worms","targets 6 species","Red Worms","https://api.fp-collective.com/wp-content/uploads/2020/09/Red_Worms.png","https://fp-collective.com/bait/maggots","targets 6 species","Maggots","https://api.fp-collective.com/wp-content/uploads/2020/09/Maggots.png","https://fp-collective.com/bait/night-crawlers","targets 5 species","Night Crawlers","https://api.fp-collective.com/wp-content/uploads/2020/09/Night_Crawlers.png","https://fp-collective.com/bait/dough-balls","targets 4 species","Dough balls","https://api.fp-collective.com/wp-content/uploads/2020/09/Dough_Balls.png","https://fp-collective.com/bait/pearl-barley","targets 3 species","Pearl Barley","https://api.fp-collective.com/wp-content/uploads/2020/09/Pearl_Barley.png","https://fp-collective.com/bait/grasshoppers","targets 3 species","Grasshoppers","https://api.fp-collective.com/wp-content/uploads/2020/09/Grasshoppers.png","https://fp-collective.com/bait/bread-with-honey","targets 3 species","Bread with Honey","https://api.fp-collective.com/wp-content/uploads/2020/09/Bread_with_Honey.png","https://fp-collective.com/bait/small-minnows","targets 3 species","Small Minnows","https://api.fp-collective.com/wp-content/uploads/2020/09/Small_Minnows.png","https://fp-collective.com/bait/pea-dough","targets 3 species","Pea Dough","https://api.fp-collective.com/wp-content/uploads/2020/09/Pea_dough.png","https://fp-collective.com/bait/pellets","targets 2 species","Pellets","https://api.fp-collective.com/wp-content/uploads/2019/03/thumb142.png","https://fp-collective.com/bait/boilies","Boilies","https://api.fp-collective.com/wp-content/uploads/2019/03/thumb072.png","https://fp-collective.com/bait/flies","targets 2 species","Flies","https://api.fp-collective.com/wp-content/uploads/2020/09/Flies.png","12","star_border","11","1","star_border","10","star_border","18","5","3","4","star_border","6","star_border","7","46","Hide unavailable items","https://fp-collective.com/bait/pinkies","targets 2 species","Pinkies","https://api.fp-collective.com/wp-content/uploads/2020/09/Pinkies.png","https://fp-collective.com/bait/marshmallows","Marshmallows","https://api.fp-collective.com/wp-content/uploads/2020/09/Marshmallows.png","https://fp-collective.com/bait/corn","Corn","https://api.fp-collective.com/wp-content/uploads/2020/09/Corn.png","https://fp-collective.com/bait/peas","Peas","https://api.fp-collective.com/wp-content/uploads/2020/09/Peas.png","https://fp-collective.com/bait/sweet-corn","Sweet Corn","https://api.fp-collective.com/wp-content/uploads/2020/09/Sweet_Corn.png"
"Lure types","https://fp-collective.com/lure-type/crankbaits","targets 2 species","Crankbaits","https://api.fp-collective.com/wp-content/uploads/2019/02/crankbait-white-blue.png","https://fp-collective.com/lure-type/nano-spinners","targets 2 species","Nano Spinners","https://api.fp-collective.com/wp-content/uploads/2019/02/nano-spinner-gold-and-black-trout.png","https://fp-collective.com/lure-type/poppers","targets 2 species","Poppers","https://api.fp-collective.com/wp-content/uploads/2019/02/popper-yellow-with-red-back.png","https://fp-collective.com/lure-type/shads","targets 2 species","Shads","https://api.fp-collective.com/wp-content/uploads/2021/03/shad-grass-green.png","https://fp-collective.com/lure-type/spinners","targets 2 species","Spinners","https://api.fp-collective.com/wp-content/uploads/2019/02/spinner-beetle.png","https://fp-collective.com/lure-type/walkers","targets 2 species","Walkers","https://api.fp-collective.com/wp-content/uploads/2020/05/walker-natural.png","https://fp-collective.com/lure-type/casting-spoons","targets 1 species","Casting Spoons","https://api.fp-collective.com/wp-content/uploads/2019/02/casting-spoon-red-white.png","https://fp-collective.com/lure-type/craws","targets 1 species","Craws","https://api.fp-collective.com/wp-content/uploads/2021/03/craw-dark-space-blue.png","https://fp-collective.com/lure-type/frogs","targets 1 species","Frogs","https://api.fp-collective.com/wp-content/uploads/2023/09/frog-green-acid-green.png","https://fp-collective.com/lure-type/grubs","targets 1 species","Grubs","https://api.fp-collective.com/wp-content/uploads/2019/02/grub-red.png","https://fp-collective.com/lure-type/jerkbaits","targets 1 species","Jerkbaits","https://api.fp-collective.com/wp-content/uploads/2020/01/jerkbait-neon-black.png","https://fp-collective.com/lure-type/medium-spoons","targets 1 species","Medium Spoons","https://api.fp-collective.com/wp-content/uploads/2019/02/medium-spoon-lemon-tiger.png","https://fp-collective.com/lure-type/minnows","Minnows","https://api.fp-collective.com/wp-content/uploads/2020/01/deep-runner-orange-fish.png","https://fp-collective.com/lure-type/nano-spoons","targets 1 species","Nano Spoons","https://api.fp-collective.com/wp-content/uploads/2019/02/nano-spoon-green-black.png","","","","","","","","","","","","","","","","","","https://fp-collective.com/lure-type/narrow-spoons","targets 1 species","Narrow Spoons","https://api.fp-collective.com/wp-content/uploads/2022/06/narrow-spoon-ammolite.png","https://fp-collective.com/lure-type/slop-spoons","Slop Spoons","https://api.fp-collective.com/wp-content/uploads/2019/02/slop-spoon-gold.png","https://fp-collective.com/lure-type/spinnerbaits","Spinnerbaits","https://api.fp-collective.com/wp-content/uploads/2019/02/spinnerbait-transparent-weed-skirt-and-silver-blades.png","https://fp-collective.com/lure-type/tubes","Tubes","https://api.fp-collective.com/wp-content/uploads/2019/02/tube-green-pumpkin.png","https://fp-collective.com/lure-type/worms","Worms","https://api.fp-collective.com/wp-content/uploads/2019/02/worm-purple.png"
"Keepnet / stringer","https://fp-collective.com/keep-string/fishgarrison-pro-keepnet","Keepnet","FishGarrison Pro Keepnet","https://api.fp-collective.com/wp-content/uploads/2019/03/keepnet.png","https://fp-collective.com/keep-string/fishcasemate-xl-stringer","Stringer","FishCasemate XL Stringer","https://api.fp-collective.com/wp-content/uploads/2019/03/stringer.png","","","","","","","","","","","","","","","","","","","","","","","","","","","","","","","","","","","","","","","","","","","","","","","","80","star_border","68","","help_outline","","","","","","","","","","","","","","","","","","","","","","","","","","","",""
